<?xml version="1.0" encoding="UTF-8"?>
<project xmlns="http://maven.apache.org/POM/4.0.0" xmlns:xsi="http://www.w3.org/2001/XMLSchema-instance" xsi:schemaLocation="http://maven.apache.org/POM/4.0.0 http://maven.apache.org/maven-v4_0_0.xsd">
  <modelVersion>4.0.0</modelVersion>
  <groupId>com.ibm.iot</groupId>
  <artifactId>IoTSparkAsServiceSample</artifactId>
  <name>IoTSparkAsServiceSample</name>
  <version>3.0.0</version>
  <inceptionYear>2016</inceptionYear>
  <build>
    <plugins>
      <plugin>
        <artifactId>maven-compiler-plugin</artifactId>
        <version>3.1</version>
        <configuration>
          <source>1.7</source>
          <target>1.7</target>
        </configuration>
      </plugin>
      <plugin>
        <artifactId>maven-release-plugin</artifactId>
        <version>2.4.1</version>
      </plugin>
      <plugin>
        <artifactId>maven-javadoc-plugin</artifactId>
        <version>2.9</version>
      </plugin>
      <plugin>
        <artifactId>maven-deploy-plugin</artifactId>
        <version>2.7</version>
      </plugin>
      <plugin>
        <artifactId>maven-source-plugin</artifactId>
        <version>2.2.1</version>
      </plugin>
      <plugin>
        <groupId>org.jacoco</groupId>
        <artifactId>jacoco-maven-plugin</artifactId>
        <version>0.6.2.201302030002</version>
      </plugin>
      <plugin>
        <artifactId>maven-assembly-plugin</artifactId>
        <version>2.6</version>
        <executions>
          <execution>
            <id>make-assembly</id>
            <phase>package</phase>
            <goals>
              <goal>single</goal>
            </goals>
          </execution>
        </executions>
        <configuration>
          <archive>
            <manifest>
              <mainClass>com.ibm.iot.iotspark.IoTSparkAsServiceSample</mainClass>
            </manifest>
          </archive>
          <descriptorRefs>
            <descriptorRef>jar-with-dependencies</descriptorRef>
          </descriptorRefs>
        </configuration>
      </plugin>
      <plugin>
        <artifactId>maven-shade-plugin</artifactId>
        <version>2.4.1</version>
        <executions>
          <execution>
            <phase>package</phase>
            <goals>
              <goal>shade</goal>
            </goals>
            <configuration>
              <transformers>
                <transformer>
                  <resource>reference.conf</resource>
                </transformer>
              </transformers>
            </configuration>
          </execution>
        </executions>
      </plugin>
      <plugin>
        <artifactId>maven-dependency-plugin</artifactId>
        <executions>
          <execution>
            <id>copy-dependencies</id>
            <phase>prepare-package</phase>
            <goals>
              <goal>copy-dependencies</goal>
            </goals>
            <configuration>
              <outputDirectory>${project.build.directory}/classes/lib</outputDirectory>
              <overWriteReleases>false</overWriteReleases>
              <overWriteSnapshots>false</overWriteSnapshots>
              <overWriteIfNewer>true</overWriteIfNewer>
            </configuration>
          </execution>
        </executions>
      </plugin>
    </plugins>
  </build>
  <repositories>
    <repository>
      <id>Eclipse Paho Repo</id>
      <url>https://repo.eclipse.org/content/repositories/paho-releases/</url>
    </repository>
    <repository>
      <id>my-local-repo</id>
      <url>file://${java.home}/../lib</url>
    </repository>
  </repositories>
  <dependencies>
    <dependency>
      <groupId>org.apache.spark</groupId>
      <artifactId>spark-core_2.10</artifactId>
      <version>1.5.1</version>
      <scope>provided</scope>
      <exclusions>
        <exclusion>
          <artifactId>avro-mapred</artifactId>
          <groupId>org.apache.avro</groupId>
        </exclusion>
        <exclusion>
          <artifactId>chill_2.10</artifactId>
          <groupId>com.twitter</groupId>
        </exclusion>
        <exclusion>
          <artifactId>chill-java</artifactId>
          <groupId>com.twitter</groupId>
        </exclusion>
        <exclusion>
          <artifactId>hadoop-client</artifactId>
          <groupId>org.apache.hadoop</groupId>
        </exclusion>
        <exclusion>
          <artifactId>spark-launcher_2.10</artifactId>
          <groupId>org.apache.spark</groupId>
        </exclusion>
        <exclusion>
          <artifactId>spark-network-common_2.10</artifactId>
          <groupId>org.apache.spark</groupId>
        </exclusion>
        <exclusion>
          <artifactId>spark-network-shuffle_2.10</artifactId>
          <groupId>org.apache.spark</groupId>
        </exclusion>
        <exclusion>
          <artifactId>spark-unsafe_2.10</artifactId>
          <groupId>org.apache.spark</groupId>
        </exclusion>
        <exclusion>
          <artifactId>jets3t</artifactId>
          <groupId>net.java.dev.jets3t</groupId>
        </exclusion>
        <exclusion>
          <artifactId>curator-recipes</artifactId>
          <groupId>org.apache.curator</groupId>
        </exclusion>
        <exclusion>
          <artifactId>javax.servlet</artifactId>
          <groupId>org.eclipse.jetty.orbit</groupId>
        </exclusion>
        <exclusion>
          <artifactId>commons-lang3</artifactId>
          <groupId>org.apache.commons</groupId>
        </exclusion>
        <exclusion>
          <artifactId>commons-math3</artifactId>
          <groupId>org.apache.commons</groupId>
        </exclusion>
        <exclusion>
          <artifactId>jsr305</artifactId>
          <groupId>com.google.code.findbugs</groupId>
        </exclusion>
        <exclusion>
          <artifactId>slf4j-api</artifactId>
          <groupId>org.slf4j</groupId>
        </exclusion>
        <exclusion>
          <artifactId>jul-to-slf4j</artifactId>
          <groupId>org.slf4j</groupId>
        </exclusion>
        <exclusion>
          <artifactId>jcl-over-slf4j</artifactId>
          <groupId>org.slf4j</groupId>
        </exclusion>
        <exclusion>
          <artifactId>log4j</artifactId>
          <groupId>log4j</groupId>
        </exclusion>
        <exclusion>
          <artifactId>slf4j-log4j12</artifactId>
          <groupId>org.slf4j</groupId>
        </exclusion>
        <exclusion>
          <artifactId>compress-lzf</artifactId>
          <groupId>com.ning</groupId>
        </exclusion>
        <exclusion>
          <artifactId>snappy-java</artifactId>
          <groupId>org.xerial.snappy</groupId>
        </exclusion>
        <exclusion>
          <artifactId>lz4</artifactId>
          <groupId>net.jpountz.lz4</groupId>
        </exclusion>
        <exclusion>
          <artifactId>RoaringBitmap</artifactId>
          <groupId>org.roaringbitmap</groupId>
        </exclusion>
        <exclusion>
          <artifactId>commons-net</artifactId>
          <groupId>commons-net</groupId>
        </exclusion>
        <exclusion>
          <artifactId>akka-remote_2.10</artifactId>
          <groupId>com.typesafe.akka</groupId>
        </exclusion>
        <exclusion>
          <artifactId>akka-slf4j_2.10</artifactId>
          <groupId>com.typesafe.akka</groupId>
        </exclusion>
        <exclusion>
          <artifactId>json4s-jackson_2.10</artifactId>
          <groupId>org.json4s</groupId>
        </exclusion>
        <exclusion>
          <artifactId>jersey-server</artifactId>
          <groupId>com.sun.jersey</groupId>
        </exclusion>
        <exclusion>
          <artifactId>jersey-core</artifactId>
          <groupId>com.sun.jersey</groupId>
        </exclusion>
        <exclusion>
          <artifactId>mesos</artifactId>
          <groupId>org.apache.mesos</groupId>
        </exclusion>
        <exclusion>
          <artifactId>netty-all</artifactId>
          <groupId>io.netty</groupId>
        </exclusion>
        <exclusion>
          <artifactId>stream</artifactId>
          <groupId>com.clearspring.analytics</groupId>
        </exclusion>
        <exclusion>
          <artifactId>metrics-core</artifactId>
          <groupId>io.dropwizard.metrics</groupId>
        </exclusion>
        <exclusion>
          <artifactId>metrics-jvm</artifactId>
          <groupId>io.dropwizard.metrics</groupId>
        </exclusion>
        <exclusion>
          <artifactId>metrics-json</artifactId>
          <groupId>io.dropwizard.metrics</groupId>
        </exclusion>
        <exclusion>
          <artifactId>metrics-graphite</artifactId>
          <groupId>io.dropwizard.metrics</groupId>
        </exclusion>
        <exclusion>
          <artifactId>jackson-databind</artifactId>
          <groupId>com.fasterxml.jackson.core</groupId>
        </exclusion>
        <exclusion>
          <artifactId>jackson-module-scala_2.10</artifactId>
          <groupId>com.fasterxml.jackson.module</groupId>
        </exclusion>
        <exclusion>
          <artifactId>ivy</artifactId>
          <groupId>org.apache.ivy</groupId>
        </exclusion>
        <exclusion>
          <artifactId>oro</artifactId>
          <groupId>oro</groupId>
        </exclusion>
        <exclusion>
          <artifactId>tachyon-client</artifactId>
          <groupId>org.tachyonproject</groupId>
        </exclusion>
        <exclusion>
          <artifactId>pyrolite</artifactId>
          <groupId>net.razorvine</groupId>
        </exclusion>
        <exclusion>
          <artifactId>py4j</artifactId>
          <groupId>net.sf.py4j</groupId>
        </exclusion>
        <exclusion>
          <artifactId>unused</artifactId>
          <groupId>org.spark-project.spark</groupId>
        </exclusion>
      </exclusions>
    </dependency>
    <dependency>
      <groupId>org.apache.spark</groupId>
      <artifactId>spark-streaming_2.10</artifactId>
      <version>1.5.1</version>
      <scope>provided</scope>
      <exclusions>
        <exclusion>
          <artifactId>unused</artifactId>
          <groupId>org.spark-project.spark</groupId>
        </exclusion>
      </exclusions>
    </dependency>
    <dependency>
      <groupId>org.scala-lang</groupId>
      <artifactId>scala-library</artifactId>
      <version>2.10.5</version>
      <scope>provided</scope>
    </dependency>
    <dependency>
      <groupId>org.apache.spark</groupId>
      <artifactId>spark-streaming-mqtt-security_2.10</artifactId>
      <version>1.3.0</version>
      <scope>system</scope>
      <systemPath>${project.basedir}/src/main/resources/spark-streaming-mqtt-security_2.10-1.3.0-0.0.1.jar</systemPath>
    </dependency>
  </dependencies>
  <properties>
    <project.reporting.outputEncoding>UTF-8</project.reporting.outputEncoding>
    <project.build.sourceEncoding>UTF-8</project.build.sourceEncoding>
  </properties>
</project>

